ADM0_ISO,NAME,CONTINENT,REGION_UN,SUBREGION,REGION_WB,ECONOMY,INCOME_GRP,POP_EST,GDP_MD,LIFE_EXPECTANCY,ALFABETIZACION,MORTALIDAD INFANTIL
IDN,Indonesia,Asia,Asia,South-Eastern Asia,East Asia & Pacific,4. Emerging region: MIKT,4. Lower middle income,270625568.0,1119190,68.25,,18.1
MYS,Malaysia,Asia,Asia,South-Eastern Asia,East Asia & Pacific,6. Developing region,3. Upper middle income,31949777.0,364681,76.26,,6.7
CHL,Chile,South America,Americas,South America,Latin America & Caribbean,5. Emerging region: G20,3. Upper middle income,18952038.0,282318,79.519,97.1600036621094,5.4
BOL,Bolivia,South America,Americas,South America,Latin America & Caribbean,5. Emerging region: G20,4. Lower middle income,11513100.0,40895,64.928,,19.6
PER,Peru,South America,Americas,South America,Latin America & Caribbean,5. Emerging region: G20,3. Upper middle income,32510453.0,226848,73.385,,11.7
ARG,Argentina,South America,Americas,South America,Latin America & Caribbean,5. Emerging region: G20,3. Upper middle income,44938712.0,445445,76.064,,8.4
GBR,United Kingdom,Europe,Europe,Northern Europe,Europe & Central Asia,1. Developed region: G7,1. High income: OECD,67366465.0,2863166,82.0585365853659,,3.6
CYP,Cyprus,Asia,Asia,Western Asia,Europe & Central Asia,6. Developing region,2. High income: nonOECD,1198575.0,24948,81.889,,2.7
IND,India,Asia,Asia,Southern Asia,South Asia,3. Emerging region: BRIC,4. Lower middle income,1366417754.0,2868929,67.744,76.3227767944336,25.5
CHN,China,Asia,Asia,Eastern Asia,East Asia & Pacific,3. Emerging region: BRIC,3. Upper middle income,1405862845.0,14762473,78.587,,4.8
ISR,Israel,Asia,Asia,Western Asia,Middle East & North Africa,2. Developed region: nonG7,1. High income: OECD,13738606.0,410928,82.7,,2.7
LBN,Lebanon,Asia,Asia,Western Asia,Middle East & North Africa,6. Developing region,3. Upper middle income,6855713.0,51991,74.416,,14.9
ETH,Ethiopia,Africa,Africa,Eastern Africa,Sub-Saharan Africa,7. Least developed region,5. Low income,112078730.0,95912,65.645,,33.9
SSD,S. Sudan,Africa,Africa,Eastern Africa,Sub-Saharan Africa,7. Least developed region,5. Low income,11062113.0,11998,55.567,,63.8
SOM,Somalia,Africa,Africa,Eastern Africa,Sub-Saharan Africa,7. Least developed region,5. Low income,10192317.3,4719,56.107,41.0250015258789,68.0
KEN,Kenya,Africa,Africa,Eastern Africa,Sub-Saharan Africa,5. Emerging region: G20,5. Low income,52573973.0,95503,62.055,82.879997253418,30.5
MWI,Malawi,Africa,Africa,Eastern Africa,Sub-Saharan Africa,7. Least developed region,5. Low income,18628747.0,7666,62.898,68.0800018310547,30.1
TZA,Tanzania,Africa,Africa,Eastern Africa,Sub-Saharan Africa,7. Least developed region,5. Low income,58005463.0,63177,66.782,82.0199966430664,30.0
SYR,Syria,Asia,Asia,Western Asia,Middle East & North Africa,6. Developing region,4. Lower middle income,17070135.0,98830,72.3,,17.8
SOM,Somaliland,Africa,Africa,Eastern Africa,Sub-Saharan Africa,6. Developing region,4. Lower middle income,5096159.0,17836,56.107,41.0250015258789,68.0
FRA,France,Europe,Europe,Western Europe,Europe & Central Asia,1. Developed region: G7,1. High income: OECD,67692632.0,2732886,82.2292682926829,,3.3
SUR,Suriname,South America,Americas,South America,Latin America & Caribbean,6. Developing region,3. Upper middle income,581363.0,3697,70.289,,14.8
GUY,Guyana,South America,Americas,South America,Latin America & Caribbean,6. Developing region,4. Lower middle income,782766.0,5173,65.989,90.0299987792969,22.3
KOR,South Korea,Asia,Asia,Eastern Asia,East Asia & Pacific,4. Emerging region: MIKT,1. High income: OECD,51709098.0,1646739,82.6804878048781,,2.4
PRK,North Korea,Asia,Asia,Eastern Asia,East Asia & Pacific,7. Least developed region,5. Low income,25666161.0,40000,73.578,,13.6
MAR,Morocco,Africa,Africa,Northern Africa,Middle East & North Africa,6. Developing region,4. Lower middle income,36471769.0,119700,74.973,77.3499984741211,14.8
B28,W. Sahara,Africa,Africa,Northern Africa,Middle East & North Africa,7. Least developed region,5. Low income,603253.0,907,,,
CRI,Costa Rica,North America,Americas,Central America,Latin America & Caribbean,5. Emerging region: G20,3. Upper middle income,5047561.0,61801,77.32,,6.9
NIC,Nicaragua,North America,Americas,Central America,Latin America & Caribbean,6. Developing region,4. Lower middle income,6545502.0,12520,74.615,,13.1
COG,Congo,Africa,Africa,Middle Africa,Sub-Saharan Africa,6. Developing region,4. Lower middle income,5380508.0,12267,63.053,,31.2
COD,Dem. Rep. Congo,Africa,Africa,Middle Africa,Sub-Saharan Africa,7. Least developed region,5. Low income,86790567.0,50400,59.743,80.5400009155273,60.1
BTN,Bhutan,Asia,Asia,Southern Asia,South Asia,7. Least developed region,4. Lower middle income,763092.0,2530,72.229,72.0999984741211,20.1
UKR,Ukraine,Europe,Europe,Eastern Europe,Europe & Central Asia,6. Developing region,4. Lower middle income,44385155.0,153781,68.5879268292683,,7.0
BLR,Belarus,Europe,Europe,Eastern Europe,Europe & Central Asia,6. Developing region,3. Upper middle income,9466856.0,63080,73.1114634146342,,1.9
NAM,Namibia,Africa,Africa,Southern Africa,Sub-Saharan Africa,6. Developing region,3. Upper middle income,2494530.0,12366,58.059,,28.6
ZAF,South Africa,Africa,Africa,Southern Africa,Sub-Saharan Africa,5. Emerging region: G20,3. Upper middle income,58558270.0,351431,61.48,,27.7
NLD,Netherlands,Europe,Europe,Western Europe,Europe & Central Asia,2. Developed region: nonG7,1. High income: OECD,17637435.0,914392,81.7146341463415,,3.4
OMN,Oman,Asia,Asia,Western Asia,Middle East & North Africa,6. Developing region,2. High income: nonOECD,4974986.0,76331,73.935,97.3390579223633,9.0
UZB,Uzbekistan,Asia,Asia,Central Asia,Europe & Central Asia,6. Developing region,4. Lower middle income,33580650.0,57921,71.674,99.9999771118164,11.9
KAZ,Kazakhstan,Asia,Asia,Central Asia,Europe & Central Asia,6. Developing region,3. Upper middle income,18513930.0,181665,74.44,,8.7
TJK,Tajikistan,Asia,Asia,Central Asia,Europe & Central Asia,6. Developing region,5. Low income,9321018.0,8116,71.288,,26.7
LTU,Lithuania,Europe,Europe,Northern Europe,Europe & Central Asia,2. Developed region: nonG7,3. Upper middle income,2786844.0,54627,75.7926829268293,,2.9
BRA,Brazil,South America,Americas,South America,Latin America & Caribbean,3. Emerging region: BRIC,3. Upper middle income,211049527.0,1839758,73.425,94.6900024414062,12.5
URY,Uruguay,South America,Americas,South America,Latin America & Caribbean,5. Emerging region: G20,3. Upper middle income,3461734.0,56045,78.0,,5.6
MNG,Mongolia,Asia,Asia,Eastern Asia,East Asia & Pacific,6. Developing region,4. Lower middle income,3225167.0,13996,72.667,,11.5
RUS,Russia,Europe,Europe,Eastern Europe,Europe & Central Asia,3. Emerging region: BRIC,3. Upper middle income,144373535.0,1699876,72.5456097560976,,3.8
CZE,Czechia,Europe,Europe,Eastern Europe,Europe & Central Asia,2. Developed region: nonG7,1. High income: OECD,10669709.0,250680,79.0292682926829,,2.1
DEU,Germany,Europe,Europe,Western Europe,Europe & Central Asia,1. Developed region: G7,1. High income: OECD,83132799.0,3861123,80.7056097560976,,3.0
EST,Estonia,Europe,Europe,Northern Europe,Europe & Central Asia,2. Developed region: nonG7,1. High income: OECD,1326590.0,31471,77.9439024390244,,1.5
LVA,Latvia,Europe,Europe,Northern Europe,Europe & Central Asia,2. Developed region: nonG7,3. Upper middle income,1912789.0,34102,74.580487804878,,2.8
NOR,Norway,Europe,Europe,Northern Europe,Europe & Central Asia,2. Developed region: nonG7,1. High income: OECD,5347896.0,403336,82.5609756097561,,1.8
SWE,Sweden,Europe,Europe,Northern Europe,Europe & Central Asia,2. Developed region: nonG7,1. High income: OECD,10285453.0,530883,83.109756097561,,2.0
FIN,Finland,Europe,Europe,Northern Europe,Europe & Central Asia,2. Developed region: nonG7,1. High income: OECD,5550198.0,225700,81.1878048780488,,1.9
VNM,Vietnam,Asia,Asia,South-Eastern Asia,East Asia & Pacific,5. Emerging region: G20,4. Lower middle income,96462106.0,261921,74.58,96.1332626342773,16.2
KHM,Cambodia,Asia,Asia,South-Eastern Asia,East Asia & Pacific,7. Least developed region,5. Low income,16486542.0,27089,69.896,83.7799987792969,20.3
LUX,Luxembourg,Europe,Europe,Western Europe,Europe & Central Asia,2. Developed region: nonG7,1. High income: OECD,619896.0,71104,83.0463414634146,,2.2
ARE,United Arab Emirates,Asia,Asia,Western Asia,Middle East & North Africa,6. Developing region,2. High income: nonOECD,9770529.0,421142,79.196,98.2854080200195,4.3
BEL,Belgium,Europe,Europe,Western Europe,Europe & Central Asia,2. Developed region: nonG7,1. High income: OECD,11484055.0,533097,81.6975609756098,,3.1
GEO,Georgia,Asia,Asia,Western Asia,Europe & Central Asia,6. Developing region,4. Lower middle income,245246.0,500,71.587,99.5749893188477,8.3
MKD,North Macedonia,Europe,Europe,Southern Europe,Europe & Central Asia,6. Developing region,3. Upper middle income,2083459.0,12547,74.4248780487805,,4.1
ALB,Albania,Europe,Europe,Southern Europe,Europe & Central Asia,6. Developing region,4. Lower middle income,2854191.0,15279,76.833,98.5,8.4
AZE,Azerbaijan,Asia,Asia,Western Asia,Europe & Central Asia,6. Developing region,3. Upper middle income,10023318.0,48047,73.488,,16.1
SRB,Kosovo,Europe,Europe,Southern Europe,Europe & Central Asia,6. Developing region,4. Lower middle income,1794248.0,7926,75.4821951219512,,4.4
TUR,Turkey,Asia,Asia,Western Asia,Europe & Central Asia,4. Emerging region: MIKT,3. Upper middle income,83429615.0,761425,78.475,,8.3
ESP,Spain,Europe,Europe,Southern Europe,Europe & Central Asia,2. Developed region: nonG7,1. High income: OECD,47076781.0,1393490,83.0829268292683,,2.5
LAO,Laos,Asia,Asia,South-Eastern Asia,East Asia & Pacific,7. Least developed region,4. Lower middle income,7169455.0,18173,68.999,87.5199966430664,32.7
KGZ,Kyrgyzstan,Asia,Asia,Central Asia,Europe & Central Asia,6. Developing region,5. Low income,6456900.0,8454,72.0487804878049,,15.4
ARM,Armenia,Asia,Asia,Western Asia,Europe & Central Asia,6. Developing region,4. Lower middle income,2957731.0,13672,73.372,,9.2
DNK,Denmark,Europe,Europe,Northern Europe,Europe & Central Asia,2. Developed region: nonG7,1. High income: OECD,5923456.0,356271,81.3048780487805,,3.1
LBY,Libya,Africa,Africa,Northern Africa,Middle East & North Africa,6. Developing region,3. Upper middle income,6777452.0,52091,72.151,,8.9
TUN,Tunisia,Africa,Africa,Northern Africa,Middle East & North Africa,6. Developing region,3. Upper middle income,11694719.0,38796,74.263,,9.9
ROU,Romania,Europe,Europe,Eastern Europe,Europe & Central Asia,2. Developed region: nonG7,3. Upper middle income,19356544.0,250077,75.3048780487805,,5.5
HUN,Hungary,Europe,Europe,Eastern Europe,Europe & Central Asia,2. Developed region: nonG7,1. High income: OECD,9769949.0,163469,76.0170731707317,,3.3
SVK,Slovakia,Europe,Europe,Eastern Europe,Europe & Central Asia,2. Developed region: nonG7,1. High income: OECD,5454073.0,105079,77.0658536585366,,4.9
POL,Poland,Europe,Europe,Eastern Europe,Europe & Central Asia,2. Developed region: nonG7,1. High income: OECD,37970874.0,595858,77.3048780487805,,3.8
IRL,Ireland,Europe,Europe,Northern Europe,Europe & Central Asia,2. Developed region: nonG7,1. High income: OECD,4941444.0,388698,83.0560975609756,,2.7
GRC,Greece,Europe,Europe,Southern Europe,Europe & Central Asia,2. Developed region: nonG7,1. High income: OECD,10716322.0,209852,80.6365853658537,,3.3
ZMB,Zambia,Africa,Africa,Eastern Africa,Sub-Saharan Africa,7. Least developed region,4. Lower middle income,17861030.0,23309,61.803,,39.0
SLE,Sierra Leone,Africa,Africa,Western Africa,Sub-Saharan Africa,7. Least developed region,5. Low income,7813215.0,4121,60.411,48.6399993896484,76.0
GIN,Guinea,Africa,Africa,Western Africa,Sub-Saharan Africa,7. Least developed region,5. Low income,12771246.0,12296,58.985,,62.2
LBR,Liberia,Africa,Africa,Western Africa,Sub-Saharan Africa,7. Least developed region,5. Low income,4937374.0,3070,61.1,,54.9
CAF,Central African Rep.,Africa,Africa,Middle Africa,Sub-Saharan Africa,7. Least developed region,5. Low income,4745185.0,2220,54.477,,73.5
SDZ,Sudan,Africa,Africa,Northern Africa,Sub-Saharan Africa,6. Developing region,4. Lower middle income,42813238.0,30513,,,
DJI,Djibouti,Africa,Africa,Eastern Africa,Middle East & North Africa,7. Least developed region,4. Lower middle income,973560.0,3324,62.859,,44.1
ERI,Eritrea,Africa,Africa,Eastern Africa,Sub-Saharan Africa,7. Least developed region,5. Low income,6081196.0,2065,66.604,,28.0
AUT,Austria,Europe,Europe,Western Europe,Europe & Central Asia,2. Developed region: nonG7,1. High income: OECD,8877067.0,445075,81.0926829268293,,2.6
IRQ,Iraq,Asia,Asia,Western Asia,Middle East & North Africa,6. Developing region,4. Lower middle income,39309783.0,234094,71.336,,20.0
ITA,Italy,Europe,Europe,Southern Europe,Europe & Central Asia,1. Developed region: G7,1. High income: OECD,60297396.0,2003576,82.9,,2.2
CHE,Switzerland,Europe,Europe,Western Europe,Europe & Central Asia,2. Developed region: nonG7,1. High income: OECD,8574832.0,703082,83.4536585365854,,3.5
IRN,Iran,Asia,Asia,Southern Asia,Middle East & North Africa,5. Emerging region: G20,3. Upper middle income,82913906.0,453996,74.556,88.9599990844727,10.3
LIE,Liechtenstein,Europe,Europe,Western Europe,Europe & Central Asia,2. Developed region: nonG7,2. High income: nonOECD,38019.0,6876,84.319512195122,,
CIV,Côte d'Ivoire,Africa,Africa,Western Africa,Sub-Saharan Africa,6. Developing region,4. Lower middle income,25716544.0,58539,58.916,,52.4
SRB,Serbia,Europe,Europe,Southern Europe,Europe & Central Asia,6. Developing region,3. Upper middle income,6944975.0,51475,75.4821951219512,,4.4
MLI,Mali,Africa,Africa,Western Africa,Sub-Saharan Africa,7. Least developed region,5. Low income,19658031.0,17279,59.417,,60.1
SEN,Senegal,Africa,Africa,Western Africa,Sub-Saharan Africa,7. Least developed region,4. Lower middle income,16296364.0,23578,67.913,57.6699981689453,28.2
NGA,Nigeria,Africa,Africa,Western Africa,Sub-Saharan Africa,5. Emerging region: G20,4. Lower middle income,200963599.0,448120,53.633,,68.5
BEN,Benin,Africa,Africa,Western Africa,Sub-Saharan Africa,7. Least developed region,5. Low income,11801151.0,14390,59.954,47.0999984741211,53.6
AGO,Angola,Africa,Africa,Middle Africa,Sub-Saharan Africa,7. Least developed region,3. Upper middle income,31825295.0,88815,61.929,72.4000015258789,45.7
HRV,Croatia,Europe,Europe,Southern Europe,Europe & Central Asia,2. Developed region: nonG7,2. High income: nonOECD,4067500.0,60752,77.5756097560976,,3.9
SVN,Slovenia,Europe,Europe,Southern Europe,Europe & Central Asia,2. Developed region: nonG7,1. High income: OECD,2087946.0,54174,81.2829268292683,,1.9
QAT,Qatar,Asia,Asia,Western Asia,Middle East & North Africa,6. Developing region,2. High income: nonOECD,2832067.0,175837,81.559,,4.5
SAU,Saudi Arabia,Asia,Asia,Western Asia,Middle East & North Africa,2. Developed region: nonG7,2. High income: nonOECD,34268528.0,792966,77.905,,5.5
BWA,Botswana,Africa,Africa,Southern Africa,Sub-Saharan Africa,6. Developing region,3. Upper middle income,2303697.0,18340,65.913,,31.2
ZWE,Zimbabwe,Africa,Africa,Eastern Africa,Sub-Saharan Africa,5. Emerging region: G20,5. Low income,14645468.0,21440,59.391,89.8499984741211,34.6
PAK,Pakistan,Asia,Asia,Southern Asia,South Asia,5. Emerging region: G20,4. Lower middle income,216565318.0,278221,66.431,,51.0
BGR,Bulgaria,Europe,Europe,Eastern Europe,Europe & Central Asia,2. Developed region: nonG7,3. Upper middle income,6975761.0,68558,74.3609756097561,,5.0
THA,Thailand,Asia,Asia,South-Eastern Asia,East Asia & Pacific,5. Emerging region: G20,3. Upper middle income,69625582.0,543548,79.68,,7.0
SMR,San Marino,Europe,Europe,Southern Europe,Europe & Central Asia,2. Developed region: nonG7,2. High income: nonOECD,33860.0,1655,,99.9147567749023,1.3
HTI,Haiti,North America,Americas,Caribbean,Latin America & Caribbean,7. Least developed region,5. Low income,11263077.0,14332,63.728,,44.0
DOM,Dominican Rep.,North America,Americas,Caribbean,Latin America & Caribbean,6. Developing region,3. Upper middle income,10738958.0,88941,74.17,95.5,26.8
TCD,Chad,Africa,Africa,Middle Africa,Sub-Saharan Africa,7. Least developed region,5. Low income,15946876.0,11314,52.997,27.2800006866455,64.1
KWT,Kuwait,Asia,Asia,Western Asia,Middle East & North Africa,6. Developing region,2. High income: nonOECD,4207083.0,134628,80.264,,7.4
SLV,El Salvador,North America,Americas,Central America,Latin America & Caribbean,6. Developing region,4. Lower middle income,6453553.0,27022,71.475,,10.2
GTM,Guatemala,North America,Americas,Central America,Latin America & Caribbean,6. Developing region,4. Lower middle income,16604026.0,76710,68.674,84.2699966430664,18.8
TLS,Timor-Leste,Asia,Asia,South-Eastern Asia,East Asia & Pacific,7. Least developed region,4. Lower middle income,1293119.0,2017,69.056,,41.5
BRN,Brunei,Asia,Asia,South-Eastern Asia,East Asia & Pacific,6. Developing region,2. High income: nonOECD,433285.0,13469,74.551,,8.5
MCO,Monaco,Europe,Europe,Western Europe,Europe & Central Asia,2. Developed region: nonG7,2. High income: nonOECD,38964.0,7188,,,2.3
DZA,Algeria,Africa,Africa,Northern Africa,Middle East & North Africa,6. Developing region,3. Upper middle income,43053054.0,171091,77.129,,18.7
MOZ,Mozambique,Africa,Africa,Eastern Africa,Sub-Saharan Africa,7. Least developed region,5. Low income,30366036.0,15291,59.625,,48.7
SWZ,eSwatini,Africa,Africa,Southern Africa,Sub-Saharan Africa,6. Developing region,4. Lower middle income,1148130.0,4471,56.36,,39.7
BDI,Burundi,Africa,Africa,Eastern Africa,Sub-Saharan Africa,7. Least developed region,5. Low income,11530580.0,3012,61.977,75.5400009155273,36.4
RWA,Rwanda,Africa,Africa,Eastern Africa,Sub-Saharan Africa,7. Least developed region,5. Low income,12626950.0,10354,67.129,78.76318359375,28.8
MMR,Myanmar,Asia,Asia,South-Eastern Asia,East Asia & Pacific,7. Least developed region,5. Low income,54045420.0,76085,67.256,,32.5
BGD,Bangladesh,Asia,Asia,Southern Asia,South Asia,7. Least developed region,5. Low income,163046161.0,302571,73.698,,24.1
AND,Andorra,Europe,Europe,Southern Europe,Europe & Central Asia,2. Developed region: nonG7,2. High income: nonOECD,77142.0,3154,,,2.6
AFG,Afghanistan,Asia,Asia,Southern Asia,South Asia,7. Least developed region,5. Low income,38041754.0,19291,62.879,,44.8
MNE,Montenegro,Europe,Europe,Southern Europe,Europe & Central Asia,6. Developing region,3. Upper middle income,622137.0,5542,76.1878048780488,,2.3
BIH,Bosnia and Herz.,Europe,Europe,Southern Europe,Europe & Central Asia,6. Developing region,3. Upper middle income,3301000.0,20164,75.293,98.3000030517578,5.2
UGA,Uganda,Africa,Africa,Eastern Africa,Sub-Saharan Africa,7. Least developed region,5. Low income,44269594.0,35165,63.638,80.5899963378906,30.2
CUB,Cuba,North America,Americas,Caribbean,Latin America & Caribbean,5. Emerging region: G20,3. Upper middle income,11333483.0,100023,78.155,,6.2
HND,Honduras,North America,Americas,Central America,Latin America & Caribbean,6. Developing region,4. Lower middle income,9746117.0,25095,70.728,,13.8
ECU,Ecuador,South America,Americas,South America,Latin America & Caribbean,6. Developing region,3. Upper middle income,17373662.0,107435,77.894,93.9481201171875,10.5
COL,Colombia,South America,Americas,South America,Latin America & Caribbean,6. Developing region,3. Upper middle income,50339443.0,323615,73.659,,10.6
PRY,Paraguay,South America,Americas,South America,Latin America & Caribbean,5. Emerging region: G20,4. Lower middle income,7044636.0,38145,70.475,,15.0
PR1,Portugal,Europe,Europe,Southern Europe,Europe & Central Asia,2. Developed region: nonG7,1. High income: OECD,10269417.0,238785,,,
MDA,Moldova,Europe,Europe,Eastern Europe,Europe & Central Asia,6. Developing region,4. Lower middle income,2657637.0,11968,68.621,,12.2
TKM,Turkmenistan,Asia,Asia,Central Asia,Europe & Central Asia,6. Developing region,3. Upper middle income,5942089.0,40761,69.41,,35.0
JOR,Jordan,Asia,Asia,Western Asia,Middle East & North Africa,6. Developing region,3. Upper middle income,10101694.0,44502,74.215,,12.2
NPL,Nepal,Asia,Asia,Southern Asia,South Asia,7. Least developed region,5. Low income,28608710.0,30641,70.484,,23.0
LSO,Lesotho,Africa,Africa,Southern Africa,Sub-Saharan Africa,7. Least developed region,4. Lower middle income,2125268.0,2376,53.036,82.0100021362305,56.4
CMR,Cameroon,Africa,Africa,Middle Africa,Sub-Saharan Africa,6. Developing region,4. Lower middle income,25876380.0,39007,60.958,,47.0
GAB,Gabon,Africa,Africa,Middle Africa,Sub-Saharan Africa,6. Developing region,3. Upper middle income,2172579.0,16874,65.694,85.6900024414062,28.8
NER,Niger,Africa,Africa,Western Africa,Sub-Saharan Africa,7. Least developed region,5. Low income,23310715.0,12911,62.08,38.0999984741211,60.3
BFA,Burkina Faso,Africa,Africa,Western Africa,Sub-Saharan Africa,7. Least developed region,5. Low income,20321378.0,15990,59.766,34.4900016784668,50.1
TGO,Togo,Africa,Africa,Western Africa,Sub-Saharan Africa,7. Least developed region,5. Low income,8082366.0,5490,61.588,,42.1
GHA,Ghana,Africa,Africa,Western Africa,Sub-Saharan Africa,6. Developing region,4. Lower middle income,30417856.0,66983,63.945,,31.6
GNB,Guinea-Bissau,Africa,Africa,Western Africa,Sub-Saharan Africa,7. Least developed region,5. Low income,1920922.0,1339,59.861,53.9000015258789,48.6
USA,United States of America,North America,Americas,Northern America,North America,1. Developed region: G7,1. High income: OECD,331595460.0,21542705,77.4341463414634,,5.4
CAN,Canada,North America,Americas,Northern America,North America,1. Developed region: G7,1. High income: OECD,37589262.0,1736425,81.2956097560976,,4.3
MEX,Mexico,North America,Americas,Central America,Latin America & Caribbean,4. Emerging region: MIKT,3. Upper middle income,127575529.0,1268870,74.832,,11.0
BLZ,Belize,North America,Americas,Central America,Latin America & Caribbean,6. Developing region,4. Lower middle income,390353.0,1879,70.962,,9.4
PAN,Panama,North America,Americas,Central America,Latin America & Caribbean,6. Developing region,3. Upper middle income,4246439.0,66800,76.826,,11.4
VEN,Venezuela,South America,Americas,South America,Latin America & Caribbean,5. Emerging region: G20,3. Upper middle income,28515829.0,482359,71.105,97.5999984741211,21.2
PN1,Papua New Guinea,Oceania,Oceania,Melanesia,East Asia & Pacific,6. Developing region,4. Lower middle income,8776109.0,24829,,,
EGY,Egypt,Africa,Africa,Northern Africa,Middle East & North Africa,5. Emerging region: G20,4. Lower middle income,100388073.0,303092,70.159,74.5,15.5
YEM,Yemen,Asia,Asia,Western Asia,Middle East & North Africa,7. Least developed region,4. Lower middle income,29161922.0,22581,63.72,,33.1
MRT,Mauritania,Africa,Africa,Western Africa,Sub-Saharan Africa,7. Least developed region,5. Low income,4525696.0,7600,64.691,,31.4
GNQ,Eq. Guinea,Africa,Africa,Middle Africa,Sub-Saharan Africa,7. Least developed region,2. High income: nonOECD,1355986.0,11026,61.19,,55.1
GMB,Gambia,Africa,Africa,Western Africa,Sub-Saharan Africa,7. Least developed region,5. Low income,2347706.0,1826,62.906,58.6699981689453,32.8
VAT,Vatican,Europe,Europe,Southern Europe,Europe & Central Asia,2. Developed region: nonG7,2. High income: nonOECD,825.0,-99,,,
CYP,N. Cyprus,Asia,Asia,Western Asia,Europe & Central Asia,6. Developing region,3. Upper middle income,326000.0,3600,81.889,,2.7
CYP,Cyprus U.N. Buffer Zone,Asia,Asia,Western Asia,Europe & Central Asia,6. Developing region,2. High income: nonOECD,10000.0,280,81.889,,2.7
ATA,Antarctica,Antarctica,Antarctica,Antarctica,Antarctica,6. Developing region,2. High income: nonOECD,4490.0,898,,,
AUS,Australia,Oceania,Oceania,Australia and New Zealand,East Asia & Pacific,2. Developed region: nonG7,1. High income: OECD,25368867.0,1396634,83.2,,3.2
FJI,Fiji,Oceania,Oceania,Melanesia,East Asia & Pacific,6. Developing region,4. Lower middle income,889953.0,5496,68.312,,23.6
NZL,New Zealand,Oceania,Oceania,Australia and New Zealand,East Asia & Pacific,1. Developed region: G7,1. High income: OECD,4950828.0,207302,82.7609756097561,,3.9
MDG,Madagascar,Africa,Africa,Eastern Africa,Sub-Saharan Africa,7. Least developed region,5. Low income,26969307.0,14114,65.23,77.4800033569336,45.1
PHL,Philippines,Asia,Asia,South-Eastern Asia,East Asia & Pacific,5. Emerging region: G20,4. Lower middle income,108116615.0,376795,72.187,,21.8
LKA,Sri Lanka,Asia,Asia,Southern Asia,South Asia,6. Developing region,4. Lower middle income,21803000.0,84008,76.61,92.4924087524414,5.6
BHS,Bahamas,North America,Americas,Caribbean,Latin America & Caribbean,6. Developing region,2. High income: nonOECD,389482.0,13578,74.358,,11.2
TWN,Taiwan,Asia,Asia,Eastern Asia,East Asia & Pacific,2. Developed region: nonG7,2. High income: nonOECD,23568378.0,1127000,,,
JPN,Japan,Asia,Asia,Eastern Asia,East Asia & Pacific,1. Developed region: G7,1. High income: OECD,126264931.0,5081769,83.9963414634146,,1.7
ISL,Iceland,Europe,Europe,Northern Europe,Europe & Central Asia,2. Developed region: nonG7,1. High income: OECD,361313.0,24188,82.1707317073171,,2.0
SYC,Seychelles,Seven seas (open ocean),Africa,Eastern Africa,Sub-Saharan Africa,6. Developing region,3. Upper middle income,97625.0,1703,73.8487804878049,,12.5
KIR,Kiribati,Oceania,Oceania,Micronesia,East Asia & Pacific,7. Least developed region,4. Lower middle income,117606.0,194,67.661,,43.9
MHL,Marshall Is.,Oceania,Oceania,Micronesia,East Asia & Pacific,6. Developing region,4. Lower middle income,58791.0,221,65.146,,24.0
TTO,Trinidad and Tobago,North America,Americas,Caribbean,Latin America & Caribbean,6. Developing region,2. High income: nonOECD,1394973.0,24269,74.708,,13.8
GRD,Grenada,North America,Americas,Caribbean,Latin America & Caribbean,6. Developing region,3. Upper middle income,112003.0,1210,75.335,,14.4
VCT,St. Vin. and Gren.,North America,Americas,Caribbean,Latin America & Caribbean,6. Developing region,3. Upper middle income,110589.0,824,68.972,,10.1
BRB,Barbados,North America,Americas,Caribbean,Latin America & Caribbean,6. Developing region,2. High income: nonOECD,287025.0,5209,77.706,,10.1
LCA,Saint Lucia,North America,Americas,Caribbean,Latin America & Caribbean,6. Developing region,3. Upper middle income,182790.0,2122,71.294,,16.0
DMA,Dominica,North America,Americas,Caribbean,Latin America & Caribbean,6. Developing region,3. Upper middle income,71808.0,582,72.981,,30.8
ATG,Antigua and Barb.,North America,Americas,Caribbean,Latin America & Caribbean,6. Developing region,3. Upper middle income,97118.0,1661,79.236,,8.1
KNA,St. Kitts and Nevis,North America,Americas,Caribbean,Latin America & Caribbean,6. Developing region,2. High income: nonOECD,52834.0,1053,72.027,,13.3
JAM,Jamaica,North America,Americas,Caribbean,Latin America & Caribbean,6. Developing region,3. Upper middle income,2948279.0,16458,70.629,,16.1
MUS,Mauritius,Seven seas (open ocean),Africa,Eastern Africa,Sub-Saharan Africa,6. Developing region,3. Upper middle income,1265711.0,14048,73.5146341463415,,13.4
COM,Comoros,Africa,Africa,Eastern Africa,Sub-Saharan Africa,7. Least developed region,5. Low income,850886.0,1165,63.68,61.7099990844727,38.2
STP,São Tomé and Principe,Africa,Africa,Middle Africa,Sub-Saharan Africa,7. Least developed region,4. Lower middle income,215056.0,418,68.794,93.75,11.3
CPV,Cabo Verde,Africa,Africa,Western Africa,Sub-Saharan Africa,6. Developing region,4. Lower middle income,549935.0,1981,74.722,91.0,10.6
MLT,Malta,Europe,Europe,Southern Europe,Middle East & North Africa,2. Developed region: nonG7,2. High income: nonOECD,502653.0,14989,82.7,,4.9
SGP,Singapore,Asia,Asia,South-Eastern Asia,East Asia & Pacific,6. Developing region,2. High income: nonOECD,5703569.0,372062,82.8951219512195,,1.8
TON,Tonga,Oceania,Oceania,Polynesia,East Asia & Pacific,6. Developing region,4. Lower middle income,104494.0,512,71.27,,9.4
WSM,Samoa,Oceania,Oceania,Polynesia,East Asia & Pacific,7. Least developed region,4. Lower middle income,197097.0,852,72.598,,13.9
SLB,Solomon Is.,Oceania,Oceania,Melanesia,East Asia & Pacific,7. Least developed region,4. Lower middle income,669823.0,1589,70.742,,15.7
TUV,Tuvalu,Oceania,Oceania,Polynesia,East Asia & Pacific,7. Least developed region,3. Upper middle income,11646.0,47,64.854,,17.4
MDV,Maldives,Seven seas (open ocean),Asia,Southern Asia,South Asia,6. Developing region,3. Upper middle income,530953.0,5642,80.839,,4.8
NRU,Nauru,Oceania,Oceania,Micronesia,East Asia & Pacific,6. Developing region,4. Lower middle income,12581.0,118,64.014,,22.3
FSM,Micronesia,Oceania,Oceania,Micronesia,East Asia & Pacific,6. Developing region,4. Lower middle income,113815.0,401,70.925,,20.5
VUT,Vanuatu,Oceania,Oceania,Melanesia,East Asia & Pacific,7. Least developed region,4. Lower middle income,299882.0,934,70.492,,15.6
PLW,Palau,Oceania,Oceania,Micronesia,East Asia & Pacific,6. Developing region,3. Upper middle income,18008.0,268,,,22.1
BHR,Bahrain,Asia,Asia,Western Asia,Middle East & North Africa,6. Developing region,2. High income: nonOECD,1641172.0,38574,79.246,97.8724822998047,5.6
